PYL,,1,1
PYL,,1,2
PYL,,1,3
PYL,,1,4
PYL,,1,5
PYL,,1,6
PYL,,1,7
PYL,,1,8
PYL,,1,9
PYL,,1,10
PYL,,1,11
PYL,,1,12
PYL,,1,13
PYL,,1,14
PYL,,1,15
PYL,,1,16
PYL,,1,17
PYL,,1,18
PYL,,1,19
PYL,,1,20
PYL,,1,21
PYL,,1,22
PYL,,1,23
PYL,,1,24
PYL,,1,25
PYL,,1,26
PYL,,1,27
PYL,,1,28
PYL,,1,29
PYL,,1,30
PYL,,1,31
PYL,,1,32
PYL,,1,33
PYL,,1,34
PYL,,1,35
PYL,,1,36
PYL,,1,37
PYL,,1,38
PYL,,1,39
PYL,,1,40
PYL,,1,41
PYL,,1,42
PYL,,1,43
PYL,,1,44
PYL,,1,45
PYL,,1,46
PYL,,1,47
PYL,,1,48
PYL,,1,49
PYL,,1,50
PYL,,1,51
PYL,,1,52
PYL,,1,53
PYL,,1,54
PYL,,1,55
PYL,,1,56
PYL,,1,57
PYL,,1,58
PYL,,1,59
PYL,,1,60
PYL,,1,61
PYL,,1,62
PYL,,1,63
PYL,,1,64
PYL,,1,65
PYL,,1,66
PYL,,1,67
PYL,,1,68
PYL,,1,69
PYL,,1,70
PYL,,1,71
PYL,,1,72
PYL,,1,73
PYL,,1,74
PYL,,1,75
PYL,,1,76
PYL,,1,77
PYL,,1,78
PYL,,1,79
PYL,,1,80
PYL,,1,81
PYL,,1,82
PYL,,1,83
PYL,,1,84
PYL,,1,85
PYL,,1,86
PYL,,1,87
PYL,,1,88
PYL,,1,89
PYL,,1,90
PYL,,1,91
PYL,,1,92
PYL,,1,93
PYL,,1,94
PYL,,1,95
PYL,,1,96
PYL,,1,97
PYL,,1,98
PYL,,1,99
PYL,,1,100
PYL,,1,101
PYL,,1,102
PYL,,1,103
PYL,,1,104
PYL,,1,105
PYL,,1,106
PYL,,1,107
PYL,,1,108
PYL,,1,109
PYL,,1,110
PYL,,1,111
PYL,,1,112
PYL,,1,113
PYL,,1,114
PYL,,1,115
PYL,,1,116
PYL,,1,117
PYL,,1,118
PYL,,1,119
PYL,,1,120
PYL,,1,121
PYL,,1,122
PYL,,1,123
PYL,,1,124
PYL,,1,125
PYL,,1,126
PYL,,1,127
PYL,,1,128
PYL,,1,129
PYL,,1,130
PYL,,1,131
PYL,,1,132
PYL,,1,133
PYL,,1,134
PYL,,1,135
PYL,,1,136
PYL,,1,137
PYL,,1,138
PYL,,1,139
PYL,,1,140
PYL,,1,141
PYL,,1,142
PYL,,1,143
PYL,,1,144
PYL,,1,145
PYL,,1,146
PYL,,1,147
PYL,,1,148
PYL,,1,149
PYL,,1,150
PYL,,1,151
PYL,,1,152
PYL,,1,153
PYL,,1,154
PYL,,1,155
PYL,,1,156
PYL,,1,157
PYL,,1,158
PYL,,1,159
PYL,,1,160
PYL,,1,161
PYL,,1,162
PYL,,1,163
PYL,,1,164
PYL,,1,165
PYL,,1,166
PYL,,1,167
PYL,,1,168
PYL,,1,169
PYL,,1,170
PYL,,1,171
PYL,,1,172
PYL,,1,173
PYL,,1,174
PYL,,1,175
PYL,,1,176
PYL,,1,177
PYL,,1,178
PYL,,1,179
PYL,,1,180
PYL,,1,181
PYL,,1,182
PYL,,1,183
PYL,,1,184
PYL,,1,185
PYL,,1,186
PYL,,1,187
PYL,,1,188
PYL,,1,189
PYL,,1,190
PYL,,1,191
PYL,,1,192
PYL,,1,193
PYL,,1,194
PYL,,1,195
PYL,,1,196
PYL,,1,197
PYL,,1,198
PYL,,1,199
PYL,,1,200
PYL,,1,201
PYL,,1,202
PYL,,1,203
PYL,,1,204
PYL,,1,205
PYL,,1,206
PYL,,1,207
PYL,,1,208
PYL,,1,209
PYL,,1,210
PYL,,1,211
PYL,,1,212
PYL,,1,213
PYL,,1,214
PYL,,1,215
PYL,,1,216
PYL,,1,217
PYL,,1,218
PYL,,1,219
PYL,,1,220
PYL,,1,221
PYL,,1,222
PYL,,1,223
PYL,,1,224
PYL,,1,225
PYL,,1,226
PYL,,1,227
PYL,,1,228
PYL,,1,229
PYL,,1,230
PYL,,1,231
PYL,,1,232
PYL,,1,233
PYL,,1,234
PYL,,1,235
PYL,,1,236
PYL,,1,237
PYL,,1,238
PYL,,1,239
PYL,,1,240
PYL,,1,241
PYL,,1,242
PYL,,1,243
PYL,,1,244
PYL,,1,245
PYL,,1,246
PYL,,1,247
PYL,,1,248
PYL,,1,249
PYL,,1,250
PYL,,1,251
PYL,,1,252
PYL,,1,253
PYL,,1,254
PYL,,1,255
PYL,,1,256
PYL,,1,257
PYL,,1,258
PYL,,1,259
PYL,,1,260
PYL,,1,261
PYL,,1,262
PYL,,1,263
PYL,,1,264
PYL,,1,265
PYL,,1,266
PYL,,1,267
PYL,,1,268
PYL,,1,269
PYL,,1,270
PYL,,1,271
PYL,,1,272
PYL,,1,273
PYL,,1,274
PYL,,1,275
PYL,,1,276
PYL,,2,1
PYL,,2,2
PYL,,2,3
PYL,,2,4
PYL,,2,5
PYL,,2,6
PYL,,2,7
PYL,,2,8
PYL,,2,9
PYL,,2,10
PYL,,2,11
PYL,,2,12
PYL,,2,13
PYL,,2,14
PYL,,2,15
PYL,,2,16
PYL,,2,17
PYL,,2,18
PYL,,2,19
PYL,,2,20
PYL,,2,21
PYL,,2,22
PYL,,2,23
PYL,,2,24
PYL,,2,25
PYL,,2,26
PYL,,2,27
PYL,,2,28
PYL,,2,29
PYL,,2,30
PYL,,2,31
PYL,,2,32
PYL,,2,33
PYL,,2,34
PYL,,2,35
PYL,,2,36
PYL,,2,37
PYL,,2,38
PYL,,2,39
PYL,,2,40
PYL,,2,41
PYL,,2,42
PYL,,2,43
PYL,,2,44
PYL,,2,45
PYL,,2,46
PYL,,2,47
PYL,,2,48
PYL,,2,49
PYL,,2,50
PYL,,2,51
PYL,,2,52
PYL,,2,53
PYL,,2,54
PYL,,2,55
PYL,,2,56
PYL,,2,57
PYL,,2,58
PYL,,2,59
PYL,,2,60
PYL,,2,61
PYL,,2,62
PYL,,2,63
PYL,,2,64
PYL,,2,65
PYL,,2,66
PYL,,2,67
PYL,,2,68
PYL,,2,69
PYL,,2,70
PYL,,2,71
PYL,,2,72
PYL,,2,73
PYL,,2,74
PYL,,2,75
PYL,,2,76
PYL,,2,77
PYL,,2,78
PYL,,2,79
PYL,,2,80
PYL,,2,81
PYL,,2,82
PYL,,2,83
PYL,,2,84
PYL,,2,85
PYL,,2,86
PYL,,2,87
PYL,,2,88
PYL,,2,89
PYL,,2,90
PYL,,2,91
PYL,,2,92
PYL,,2,93
PYL,,2,94
PYL,,2,95
PYL,,2,96
PYL,,2,97
PYL,,2,98
PYL,,2,99
PYL,,2,100
PYL,,2,101
PYL,,2,102
PYL,,2,103
PYL,,2,104
PYL,,2,105
PYL,,2,106
PYL,,2,107
PYL,,2,108
PYL,,2,109
PYL,,2,110
PYL,,2,111
PYL,,2,112
PYL,,2,113
PYL,,2,114
PYL,,2,115
PYL,,2,116
PYL,,2,117
PYL,,2,118
PYL,,2,119
PYL,,2,120
PYL,,2,121
PYL,,2,122
PYL,,2,123
PYL,,2,124
PYL,,2,125
PYL,,2,126
PYL,,2,127
PYL,,2,128
PYL,,2,129
PYL,,2,130
PYL,,2,131
PYL,,2,132
PYL,,2,133
PYL,,2,134
PYL,,2,135
PYL,,2,136
PYL,,2,137
PYL,,2,138
PYL,,2,139
PYL,,2,140
PYL,,2,141
PYL,,2,142
PYL,,2,143
PYL,,2,144
PYL,,2,145
PYL,,2,146
PYL,,2,147
PYL,,2,148
PYL,,2,149
PYL,,2,150
PYL,,2,151
PYL,,2,152
PYL,,2,153
PYL,,2,154
PYL,,2,155
PYL,,2,156
PYL,,2,157
PYL,,2,158
PYL,,2,159
PYL,,2,160
PYL,,2,161
PYL,,2,162
PYL,,2,163
PYL,,2,164
PYL,,2,165
PYL,,2,166
PYL,,2,167
PYL,,2,168
PYL,,2,169
PYL,,2,170
PYL,,2,171
PYL,,2,172
PYL,,2,173
PYL,,2,174
PYL,,2,175
PYL,,2,176
PYL,,2,177
PYL,,2,178
PYL,,2,179
PYL,,2,180
PYL,,2,181
PYL,,2,182
PYL,,2,183
PYL,,2,184
PYL,,2,185
PYL,,2,186
PYL,,2,187
PYL,,2,188
PYL,,2,189
PYL,,2,190
PYL,,2,191
PYL,,2,192
PYL,,2,193
PYL,,2,194
PYL,,2,195
PYL,,2,196
PYL,,2,197
PYL,,2,198
PYL,,2,199
PYL,,2,200
PYL,,2,201
PYL,,2,202
PYL,,2,203
PYL,,2,204
PYL,,2,205
PYL,,2,206
PYL,,2,207
PYL,,2,208
PYL,,2,209
PYL,,2,210
PYL,,2,211
PYL,,2,212
PYL,,2,213
PYL,,2,214
PYL,,2,215
PYL,,2,216
PYL,,2,217
PYL,,2,218
PYL,,2,219
PYL,,2,220
PYL,,2,221
PYL,,2,222
PYL,,2,223
PYL,,2,224
PYL,,2,225
PYL,,2,226
PYL,,2,227
PYL,,2,228
PYL,,2,229
PYL,,2,230
PYL,,2,231
PYL,,2,232
PYL,,2,233
PYL,,2,234
PYL,,2,235
PYL,,2,236
PYL,,2,237
PYL,,2,238
PYL,,2,239
PYL,,2,240
PYL,,2,241
PYL,,2,242
PYL,,2,243
PYL,,2,244
PYL,,2,245
PYL,,2,246
PYL,,2,247
PYL,,2,248
PYL,,2,249
PYL,,2,250
PYL,,2,251
PYL,,2,252
PYL,,2,253
PYL,,2,254
PYL,,2,255
PYL,,2,256
PYL,,2,257
PYL,,2,258
PYL,,2,259
PYL,,2,260
PYL,,2,261
PYL,,2,262
PYL,,2,263
PYL,,2,264
PYL,,2,265
PYL,,2,266
PYL,,2,267
PYL,,2,268
PYL,,2,269
PYL,,2,270
PYL,,2,271
PYL,,2,272
PYL,,2,273
PYL,,2,274
PYL,,2,275
PYL,,2,276
PYL,,3,1
PYL,,3,2
PYL,,3,3
PYL,,3,4
PYL,,3,5
PYL,,3,6
PYL,,3,7
PYL,,3,8
PYL,,3,9
PYL,,3,10
PYL,,3,11
PYL,,3,12
PYL,,3,13
PYL,,3,14
PYL,,3,15
PYL,,3,16
PYL,,3,17
PYL,,3,18
PYL,,3,19
PYL,,3,20
PYL,,3,21
PYL,,3,22
PYL,,3,23
PYL,,3,24
PYL,,3,25
PYL,,3,26
PYL,,3,27
PYL,,3,28
PYL,,3,29
PYL,,3,30
PYL,,3,31
PYL,,3,32
PYL,,3,33
PYL,,3,34
PYL,,3,35
PYL,,3,36
PYL,,3,37
PYL,,3,38
PYL,,3,39
PYL,,3,40
PYL,,3,41
PYL,,3,42
PYL,,3,43
PYL,,3,44
PYL,,3,45
PYL,,3,46
PYL,,3,47
PYL,,3,48
PYL,,3,49
PYL,,3,50
PYL,,3,51
PYL,,3,52
PYL,,3,53
PYL,,3,54
PYL,,3,55
PYL,,3,56
PYL,,3,57
PYL,,3,58
PYL,,3,59
PYL,,3,60
PYL,,3,61
PYL,,3,62
PYL,,3,63
PYL,,3,64
PYL,,3,65
PYL,,3,66
PYL,,3,67
PYL,,3,68
PYL,,3,69
PYL,,3,70
PYL,,3,71
PYL,,3,72
PYL,,3,73
PYL,,3,74
PYL,,3,75
PYL,,3,76
PYL,,3,77
PYL,,3,78
PYL,,3,79
PYL,,3,80
PYL,,3,81
PYL,,3,82
PYL,,3,83
PYL,,3,84
PYL,,3,85
PYL,,3,86
PYL,,3,87
PYL,,3,88
PYL,,3,89
PYL,,3,90
PYL,,3,91
PYL,,3,92
PYL,,3,93
PYL,,3,94
PYL,,3,95
PYL,,3,96
PYL,,3,97
PYL,,3,98
PYL,,3,99
PYL,,3,100
PYL,,3,101
PYL,,3,102
PYL,,3,103
PYL,,3,104
PYL,,3,105
PYL,,3,106
PYL,,3,107
PYL,,3,108
PYL,,3,109
PYL,,3,110
PYL,,3,111
PYL,,3,112
PYL,,3,113
PYL,,3,114
PYL,,3,115
PYL,,3,116
PYL,,3,117
PYL,,3,118
PYL,,3,119
PYL,,3,120
PYL,,3,121
PYL,,3,122
PYL,,3,123
PYL,,3,124
PYL,,3,125
PYL,,3,126
PYL,,3,127
PYL,,3,128
PYL,,3,129
PYL,,3,130
PYL,,3,131
PYL,,3,132
PYL,,3,133
PYL,,3,134
PYL,,3,135
PYL,,3,136
PYL,,3,137
PYL,,3,138
PYL,,3,139
PYL,,3,140
PYL,,3,141
PYL,,3,142
PYL,,3,143
PYL,,3,144
PYL,,3,145
PYL,,3,146
PYL,,3,147
PYL,,3,148
PYL,,3,149
PYL,,3,150
PYL,,3,151
PYL,,3,152
PYL,,3,153
PYL,,3,154
PYL,,3,155
PYL,,3,156
PYL,,3,157
PYL,,3,158
PYL,,3,159
PYL,,3,160
PYL,,3,161
PYL,,3,162
PYL,,3,163
PYL,,3,164
PYL,,3,165
PYL,,3,166
PYL,,3,167
PYL,,3,168
PYL,,3,169
PYL,,3,170
PYL,,3,171
PYL,,3,172
PYL,,3,173
PYL,,3,174
PYL,,3,175
PYL,,3,176
PYL,,3,177
PYL,,3,178
PYL,,3,179
PYL,,3,180
PYL,,3,181
PYL,,3,182
PYL,,3,183
PYL,,3,184
PYL,,3,185
PYL,,3,186
PYL,,3,187
PYL,,3,188
PYL,,3,189
PYL,,3,190
PYL,,3,191
PYL,,3,192
PYL,,3,193
PYL,,3,194
PYL,,3,195
PYL,,3,196
PYL,,3,197
PYL,,3,198
PYL,,3,199
PYL,,3,200
PYL,,3,201
PYL,,3,202
PYL,,3,203
PYL,,3,204
PYL,,3,205
PYL,,3,206
PYL,,3,207
PYL,,3,208
PYL,,3,209
PYL,,3,210
PYL,,3,211
PYL,,3,212
PYL,,3,213
PYL,,3,214
PYL,,3,215
PYL,,3,216
PYL,,3,217
PYL,,3,218
PYL,,3,219
PYL,,3,220
PYL,,3,221
PYL,,3,222
PYL,,3,223
PYL,,3,224
PYL,,3,225
PYL,,3,226
PYL,,3,227
PYL,,3,228
PYL,,3,229
PYL,,3,230
PYL,,3,231
PYL,,3,232
PYL,,3,233
PYL,,3,234
PYL,,3,235
PYL,,3,236
PYL,,3,237
PYL,,3,238
PYL,,3,239
PYL,,3,240
PYL,,3,241
PYL,,3,242
PYL,,3,243
PYL,,3,244
PYL,,3,245
PYL,,3,246
PYL,,3,247
PYL,,3,248
PYL,,3,249
PYL,,3,250
PYL,,3,251
PYL,,3,252
PYL,,3,253
PYL,,3,254
PYL,,3,255
PYL,,3,256
PYL,,3,257
PYL,,3,258
PYL,,3,259
PYL,,3,260
PYL,,3,261
PYL,,3,262
PYL,,3,263
PYL,,3,264
PYL,,3,265
PYL,,3,266
PYL,,3,267
PYL,,3,268
PYL,,3,269
PYL,,3,270
PYL,,3,271
PYL,,3,272
PYL,,3,273
PYL,,3,274
PYL,,3,275
PYL,,3,276
PYL,,4,1
PYL,,4,2
PYL,,4,3
PYL,,4,4
PYL,,4,5
PYL,,4,6
PYL,,4,7
PYL,,4,8
PYL,,4,9
PYL,,4,10
PYL,,4,11
PYL,,4,12
PYL,,4,13
PYL,,4,14
PYL,,4,15
PYL,,4,16
PYL,,4,17
PYL,,4,18
PYL,,4,19
PYL,,4,20
PYL,,4,21
PYL,,4,22
PYL,,4,23
PYL,,4,24
PYL,,4,25
PYL,,4,26
PYL,,4,27
PYL,,4,28
PYL,,4,29
PYL,,4,30
PYL,,4,31
PYL,,4,32
PYL,,4,33
PYL,,4,34
PYL,,4,35
PYL,,4,36
PYL,,4,37
PYL,,4,38
PYL,,4,39
PYL,,4,40
PYL,,4,41
PYL,,4,42
PYL,,4,43
PYL,,4,44
PYL,,4,45
PYL,,4,46
PYL,,4,47
PYL,,4,48
PYL,,4,49
PYL,,4,50
PYL,,4,51
PYL,,4,52
PYL,,4,53
PYL,,4,54
PYL,,4,55
PYL,,4,56
PYL,,4,57
PYL,,4,58
PYL,,4,59
PYL,,4,60
PYL,,4,61
PYL,,4,62
PYL,,4,63
PYL,,4,64
PYL,,4,65
PYL,,4,66
PYL,,4,67
PYL,,4,68
PYL,,4,69
PYL,,4,70
PYL,,4,71
PYL,,4,72
PYL,,4,73
PYL,,4,74
PYL,,4,75
PYL,,4,76
PYL,,4,77
PYL,,4,78
PYL,,4,79
PYL,,4,80
PYL,,4,81
PYL,,4,82
PYL,,4,83
PYL,,4,84
PYL,,4,85
PYL,,4,86
PYL,,4,87
PYL,,4,88
PYL,,4,89
PYL,,4,90
PYL,,4,91
PYL,,4,92
PYL,,4,93
PYL,,4,94
PYL,,4,95
PYL,,4,96
PYL,,4,97
PYL,,4,98
PYL,,4,99
PYL,,4,100
PYL,,4,101
PYL,,4,102
PYL,,4,103
PYL,,4,104
PYL,,4,105
PYL,,4,106
PYL,,4,107
PYL,,4,108
PYL,,4,109
PYL,,4,110
PYL,,4,111
PYL,,4,112
PYL,,4,113
PYL,,4,114
PYL,,4,115
PYL,,4,116
PYL,,4,117
PYL,,4,118
PYL,,4,119
PYL,,4,120
PYL,,4,121
PYL,,4,122
PYL,,4,123
PYL,,4,124
PYL,,4,125
PYL,,4,126
PYL,,4,127
PYL,,4,128
PYL,,4,129
PYL,,4,130
PYL,,4,131
PYL,,4,132
PYL,,4,133
PYL,,4,134
PYL,,4,135
PYL,,4,136
PYL,,4,137
PYL,,4,138
PYL,,4,139
PYL,,4,140
PYL,,4,141
PYL,,4,142
PYL,,4,143
PYL,,4,144
PYL,,4,145
PYL,,4,146
PYL,,4,147
PYL,,4,148
PYL,,4,149
PYL,,4,150
PYL,,4,151
PYL,,4,152
PYL,,4,153
PYL,,4,154
PYL,,4,155
PYL,,4,156
PYL,,4,157
PYL,,4,158
PYL,,4,159
PYL,,4,160
PYL,,4,161
PYL,,4,162
PYL,,4,163
PYL,,4,164
PYL,,4,165
PYL,,4,166
PYL,,4,167
PYL,,4,168
PYL,,4,169
PYL,,4,170
PYL,,4,171
PYL,,4,172
PYL,,4,173
PYL,,4,174
PYL,,4,175
PYL,,4,176
PYL,,4,177
PYL,,4,178
PYL,,4,179
PYL,,4,180
PYL,,4,181
PYL,,4,182
PYL,,4,183
PYL,,4,184
PYL,,4,185
PYL,,4,186
PYL,,4,187
PYL,,4,188
PYL,,4,189
PYL,,4,190
PYL,,4,191
PYL,,4,192
PYL,,4,193
PYL,,4,194
PYL,,4,195
PYL,,4,196
PYL,,4,197
PYL,,4,198
PYL,,4,199
PYL,,4,200
PYL,,4,201
PYL,,4,202
PYL,,4,203
PYL,,4,204
PYL,,4,205
PYL,,4,206
PYL,,4,207
PYL,,4,208
PYL,,4,209
PYL,,4,210
PYL,,4,211
PYL,,4,212
PYL,,4,213
PYL,,4,214
PYL,,4,215
PYL,,4,216
PYL,,4,217
PYL,,4,218
PYL,,4,219
PYL,,4,220
PYL,,4,221
PYL,,4,222
PYL,,4,223
PYL,,4,224
PYL,,4,225
PYL,,4,226
PYL,,4,227
PYL,,4,228
PYL,,4,229
PYL,,4,230
PYL,,4,231
PYL,,4,232
PYL,,4,233
PYL,,4,234
PYL,,4,235
PYL,,4,236
PYL,,4,237
PYL,,4,238
PYL,,4,239
PYL,,4,240
PYL,,4,241
PYL,,4,242
PYL,,4,243
PYL,,4,244
PYL,,4,245
PYL,,4,246
PYL,,4,247
PYL,,4,248
PYL,,4,249
PYL,,4,250
PYL,,4,251
PYL,,4,252
PYL,,4,253
PYL,,4,254
PYL,,4,255
PYL,,4,256
PYL,,4,257
PYL,,4,258
PYL,,4,259
PYL,,4,260
PYL,,4,261
PYL,,4,262
PYL,,4,263
PYL,,4,264
PYL,,4,265
PYL,,4,266
PYL,,4,267
PYL,,4,268
PYL,,4,269
PYL,,4,270
PYL,,4,271
PYL,,4,272
PYL,,4,273
PYL,,4,274
PYL,,4,275
PYL,,4,276
PYL,,5,1
PYL,,5,2
PYL,,5,3
PYL,,5,4
PYL,,5,5
PYL,,5,6
PYL,,5,7
PYL,,5,8
PYL,,5,9
PYL,,5,10
PYL,,5,11
PYL,,5,12
PYL,,5,13
PYL,,5,14
PYL,,5,15
PYL,,5,16
PYL,,5,17
PYL,,5,18
PYL,,5,19
PYL,,5,20
PYL,,5,21
PYL,,5,22
PYL,,5,23
PYL,,5,24
PYL,,5,25
PYL,,5,26
PYL,,5,27
PYL,,5,28
PYL,,5,29
PYL,,5,30
PYL,,5,31
PYL,,5,32
PYL,,5,33
PYL,,5,34
PYL,,5,35
PYL,,5,36
PYL,,5,37
PYL,,5,38
PYL,,5,39
PYL,,5,40
PYL,,5,41
PYL,,5,42
PYL,,5,43
PYL,,5,44
PYL,,5,45
PYL,,5,46
PYL,,5,47
PYL,,5,48
PYL,,5,49
PYL,,5,50
PYL,,5,51
PYL,,5,52
PYL,,5,53
PYL,,5,54
PYL,,5,55
PYL,,5,56
PYL,,5,57
PYL,,5,58
PYL,,5,59
PYL,,5,60
PYL,,5,61
PYL,,5,62
PYL,,5,63
PYL,,5,64
PYL,,5,65
PYL,,5,66
PYL,,5,67
PYL,,5,68
PYL,,5,69
PYL,,5,70
PYL,,5,71
PYL,,5,72
PYL,,5,73
PYL,,5,74
PYL,,5,75
PYL,,5,76
PYL,,5,77
PYL,,5,78
PYL,,5,79
PYL,,5,80
PYL,,5,81
PYL,,5,82
PYL,,5,83
PYL,,5,84
PYL,,5,85
PYL,,5,86
PYL,,5,87
PYL,,5,88
PYL,,5,89
PYL,,5,90
PYL,,5,91
PYL,,5,92
PYL,,5,93
PYL,,5,94
PYL,,5,95
PYL,,5,96
PYL,,5,97
PYL,,5,98
PYL,,5,99
PYL,,5,100
PYL,,5,101
PYL,,5,102
PYL,,5,103
PYL,,5,104
PYL,,5,105
PYL,,5,106
PYL,,5,107
PYL,,5,108
PYL,,5,109
PYL,,5,110
PYL,,5,111
PYL,,5,112
PYL,,5,113
PYL,,5,114
PYL,,5,115
PYL,,5,116
PYL,,5,117
PYL,,5,118
PYL,,5,119
PYL,,5,120
PYL,,5,121
PYL,,5,122
PYL,,5,123
PYL,,5,124
PYL,,5,125
PYL,,5,126
PYL,,5,127
PYL,,5,128
PYL,,5,129
PYL,,5,130
PYL,,5,131
PYL,,5,132
PYL,,5,133
PYL,,5,134
PYL,,5,135
PYL,,5,136
PYL,,5,137
PYL,,5,138
PYL,,5,139
PYL,,5,140
PYL,,5,141
PYL,,5,142
PYL,,5,143
PYL,,5,144
PYL,,5,145
PYL,,5,146
PYL,,5,147
PYL,,5,148
PYL,,5,149
PYL,,5,150
PYL,,5,151
PYL,,5,152
PYL,,5,153
PYL,,5,154
PYL,,5,155
PYL,,5,156
PYL,,5,157
PYL,,5,158
PYL,,5,159
PYL,,5,160
PYL,,5,161
PYL,,5,162
PYL,,5,163
PYL,,5,164
PYL,,5,165
PYL,,5,166
PYL,,5,167
PYL,,5,168
PYL,,5,169
PYL,,5,170
PYL,,5,171
PYL,,5,172
PYL,,5,173
PYL,,5,174
PYL,,5,175
PYL,,5,176
PYL,,5,177
PYL,,5,178
PYL,,5,179
PYL,,5,180
PYL,,5,181
PYL,,5,182
PYL,,5,183
PYL,,5,184
PYL,,5,185
PYL,,5,186
PYL,,5,187
PYL,,5,188
PYL,,5,189
PYL,,5,190
PYL,,5,191
PYL,,5,192
PYL,,5,193
PYL,,5,194
PYL,,5,195
PYL,,5,196
PYL,,5,197
PYL,,5,198
PYL,,5,199
PYL,,5,200
PYL,,5,201
PYL,,5,202
PYL,,5,203
PYL,,5,204
PYL,,5,205
PYL,,5,206
PYL,,5,207
PYL,,5,208
PYL,,5,209
PYL,,5,210
PYL,,5,211
PYL,,5,212
PYL,,5,213
PYL,,5,214
PYL,,5,215
PYL,,5,216
PYL,,5,217
PYL,,5,218
PYL,,5,219
PYL,,5,220
PYL,,5,221
PYL,,5,222
PYL,,5,223
PYL,,5,224
PYL,,5,225
PYL,,5,226
PYL,,5,227
PYL,,5,228
PYL,,5,229
PYL,,5,230
PYL,,5,231
PYL,,5,232
PYL,,5,233
PYL,,5,234
PYL,,5,235
PYL,,5,236
PYL,,5,237
PYL,,5,238
PYL,,5,239
PYL,,5,240
PYL,,5,241
PYL,,5,242
PYL,,5,243
PYL,,5,244
PYL,,5,245
PYL,,5,246
PYL,,5,247
PYL,,5,248
PYL,,5,249
PYL,,5,250
PYL,,5,251
PYL,,5,252
PYL,,5,253
PYL,,5,254
PYL,,5,255
PYL,,5,256
PYL,,5,257
PYL,,5,258
PYL,,5,259
PYL,,5,260
PYL,,5,261
PYL,,5,262
PYL,,5,263
PYL,,5,264
PYL,,5,265
PYL,,5,266
PYL,,5,267
PYL,,5,268
PYL,,5,269
PYL,,5,270
PYL,,5,271
PYL,,5,272
PYL,,5,273
PYL,,5,274
PYL,,5,275
PYL,,5,276
EML,,1,1
EML,,1,2
EML,,1,3
EML,,1,4
EML,,1,5
EML,,1,6
EML,,1,7
EML,,1,8
EML,,1,9
EML,,1,10
EML,,1,11
EML,,1,12
EML,,1,13
EML,,1,14
EML,,1,15
EML,,1,16
EML,,1,17
EML,,1,18
EML,,1,19
EML,,1,20
EML,,1,21
EML,,1,22
EML,,1,23
EML,,1,24
EML,,1,25
EML,,1,26
EML,,1,27
EML,,1,28
EML,,1,29
EML,,1,30
EML,,1,31
EML,,1,32
EML,,1,33
EML,,1,34
EML,,1,35
EML,,1,36
EML,,1,37
EML,,1,38
EML,,1,39
EML,,1,40
EML,,1,41
EML,,1,42
EML,,1,43
EML,,1,44
EML,,1,45
EML,,1,46
EML,,1,47
EML,,1,48
EML,,1,49
EML,,1,50
EML,,1,51
EML,,1,52
EML,,1,53
EML,,1,54
EML,,1,55
EML,,1,56
EML,,1,57
EML,,1,58
EML,,1,59
EML,,1,60
EML,,1,61
EML,,1,62
EML,,1,63
EML,,1,64
EML,,1,65
EML,,1,66
EML,,1,67
EML,,1,68
EML,,1,69
EML,,1,70
EML,,1,71
EML,,1,72
EML,,1,73
EML,,1,74
EML,,1,75
EML,,1,76
EML,,1,77
EML,,1,78
EML,,1,79
EML,,1,80
EML,,1,81
EML,,1,82
EML,,1,83
EML,,1,84
EML,,1,85
EML,,1,86
EML,,1,87
EML,,1,88
EML,,1,89
EML,,1,90
EML,,1,91
EML,,1,92
EML,,1,93
EML,,1,94
EML,,1,95
EML,,1,96
EML,,1,97
EML,,1,98
EML,,1,99
EML,,1,100
EML,,1,101
EML,,1,102
EML,,1,103
EML,,1,104
EML,,1,105
EML,,1,106
EML,,1,107
EML,,1,108
EML,,1,109
EML,,1,110
EML,,1,111
EML,,1,112
EML,,1,113
EML,,1,114
EML,,1,115
EML,,1,116
EML,,1,117
EML,,1,118
EML,,1,119
EML,,1,120
EML,,1,121
EML,,1,122
EML,,1,123
EML,,1,124
EML,,1,125
EML,,1,126
EML,,1,127
EML,,1,128
EML,,1,129
EML,,1,130
EML,,1,131
EML,,1,132
EML,,1,133
EML,,1,134
EML,,1,135
EML,,1,136
EML,,1,137
EML,,1,138
EML,,1,139
EML,,1,140
EML,,1,141
EML,,1,142
EML,,1,143
EML,,1,144
EML,,1,145
EML,,1,146
EML,,1,147
EML,,1,148
EML,,1,149
EML,,1,150
EML,,1,151
EML,,1,152
EML,,1,153
EML,,1,154
EML,,1,155
EML,,1,156
EML,,1,157
EML,,1,158
EML,,1,159
EML,,1,160
EML,,1,161
EML,,1,162
EML,,1,163
EML,,1,164
EML,,1,165
EML,,1,166
EML,,1,167
EML,,1,168
EML,,1,169
EML,,1,170
EML,,1,171
EML,,1,172
EML,,1,173
EML,,1,174
EML,,1,175
EML,,1,176
EML,,1,177
EML,,1,178
EML,,1,179
EML,,1,180
EML,,1,181
EML,,1,182
EML,,1,183
EML,,1,184
EML,,1,185
EML,,1,186
EML,,1,187
EML,,1,188
EML,,1,189
EML,,1,190
EML,,1,191
EML,,1,192
EML,,1,193
EML,,1,194
EML,,1,195
EML,,1,196
EML,,1,197
EML,,1,198
EML,,1,199
EML,,1,200
EML,,1,201
EML,,1,202
EML,,1,203
EML,,1,204
EML,,1,205
EML,,1,206
EML,,1,207
EML,,1,208
EML,,1,209
EML,,1,210
EML,,1,211
EML,,1,212
EML,,1,213
EML,,1,214
EML,,1,215
EML,,1,216
EML,,1,217
EML,,1,218
EML,,1,219
EML,,1,220
EML,,1,221
EML,,1,222
EML,,1,223
EML,,1,224
EML,,1,225
EML,,1,226
EML,,1,227
EML,,1,228
EML,,1,229
EML,,1,230
EML,,1,231
EML,,1,232
EML,,1,233
EML,,1,234
EML,,1,235
EML,,1,236
EML,,1,237
EML,,1,238
EML,,1,239
EML,,1,240
EML,,1,241
EML,,1,242
EML,,1,243
EML,,1,244
EML,,1,245
EML,,1,246
EML,,1,247
EML,,1,248
EML,,1,249
EML,,1,250
EML,,1,251
EML,,1,252
EML,,1,253
EML,,1,254
EML,,1,255
EML,,1,256
EML,,1,257
EML,,1,258
EML,,1,259
EML,,1,260
EML,,1,261
EML,,1,262
EML,,1,263
EML,,1,264
EML,,1,265
EML,,1,266
EML,,1,267
EML,,1,268
EML,,1,269
EML,,1,270
EML,,1,271
EML,,1,272
EML,,1,273
EML,,1,274
EML,,1,275
EML,,1,276
EML,,2,1
EML,,2,2
EML,,2,3
EML,,2,4
EML,,2,5
EML,,2,6
EML,,2,7
EML,,2,8
EML,,2,9
EML,,2,10
EML,,2,11
EML,,2,12
EML,,2,13
EML,,2,14
EML,,2,15
EML,,2,16
EML,,2,17
EML,,2,18
EML,,2,19
EML,,2,20
EML,,2,21
EML,,2,22
EML,,2,23
EML,,2,24
EML,,2,25
EML,,2,26
EML,,2,27
EML,,2,28
EML,,2,29
EML,,2,30
EML,,2,31
EML,,2,32
EML,,2,33
EML,,2,34
EML,,2,35
EML,,2,36
EML,,2,37
EML,,2,38
EML,,2,39
EML,,2,40
EML,,2,41
EML,,2,42
EML,,2,43
EML,,2,44
EML,,2,45
EML,,2,46
EML,,2,47
EML,,2,48
EML,,2,49
EML,,2,50
EML,,2,51
EML,,2,52
EML,,2,53
EML,,2,54
EML,,2,55
EML,,2,56
EML,,2,57
EML,,2,58
EML,,2,59
EML,,2,60
EML,,2,61
EML,,2,62
EML,,2,63
EML,,2,64
EML,,2,65
EML,,2,66
EML,,2,67
EML,,2,68
EML,,2,69
EML,,2,70
EML,,2,71
EML,,2,72
EML,,2,73
EML,,2,74
EML,,2,75
EML,,2,76
EML,,2,77
EML,,2,78
EML,,2,79
EML,,2,80
EML,,2,81
EML,,2,82
EML,,2,83
EML,,2,84
EML,,2,85
EML,,2,86
EML,,2,87
EML,,2,88
EML,,2,89
EML,,2,90
EML,,2,91
EML,,2,92
EML,,2,93
EML,,2,94
EML,,2,95
EML,,2,96
EML,,2,97
EML,,2,98
EML,,2,99
EML,,2,100
EML,,2,101
EML,,2,102
EML,,2,103
EML,,2,104
EML,,2,105
EML,,2,106
EML,,2,107
EML,,2,108
EML,,2,109
EML,,2,110
EML,,2,111
EML,,2,112
EML,,2,113
EML,,2,114
EML,,2,115
EML,,2,116
EML,,2,117
EML,,2,118
EML,,2,119
EML,,2,120
EML,,2,121
EML,,2,122
EML,,2,123
EML,,2,124
EML,,2,125
EML,,2,126
EML,,2,127
EML,,2,128
EML,,2,129
EML,,2,130
EML,,2,131
EML,,2,132
EML,,2,133
EML,,2,134
EML,,2,135
EML,,2,136
EML,,2,137
EML,,2,138
EML,,2,139
EML,,2,140
EML,,2,141
EML,,2,142
EML,,2,143
EML,,2,144
EML,,2,145
EML,,2,146
EML,,2,147
EML,,2,148
EML,,2,149
EML,,2,150
EML,,2,151
EML,,2,152
EML,,2,153
EML,,2,154
EML,,2,155
EML,,2,156
EML,,2,157
EML,,2,158
EML,,2,159
EML,,2,160
EML,,2,161
EML,,2,162
EML,,2,163
EML,,2,164
EML,,2,165
EML,,2,166
EML,,2,167
EML,,2,168
EML,,2,169
EML,,2,170
EML,,2,171
EML,,2,172
EML,,2,173
EML,,2,174
EML,,2,175
EML,,2,176
EML,,2,177
EML,,2,178
EML,,2,179
EML,,2,180
EML,,2,181
EML,,2,182
EML,,2,183
EML,,2,184
EML,,2,185
EML,,2,186
EML,,2,187
EML,,2,188
EML,,2,189
EML,,2,190
EML,,2,191
EML,,2,192
EML,,2,193
EML,,2,194
EML,,2,195
EML,,2,196
EML,,2,197
EML,,2,198
EML,,2,199
EML,,2,200
EML,,2,201
EML,,2,202
EML,,2,203
EML,,2,204
EML,,2,205
EML,,2,206
EML,,2,207
EML,,2,208
EML,,2,209
EML,,2,210
EML,,2,211
EML,,2,212
EML,,2,213
EML,,2,214
EML,,2,215
EML,,2,216
EML,,2,217
EML,,2,218
EML,,2,219
EML,,2,220
EML,,2,221
EML,,2,222
EML,,2,223
EML,,2,224
EML,,2,225
EML,,2,226
EML,,2,227
EML,,2,228
EML,,2,229
EML,,2,230
EML,,2,231
EML,,2,232
EML,,2,233
EML,,2,234
EML,,2,235
EML,,2,236
EML,,2,237
EML,,2,238
EML,,2,239
EML,,2,240
EML,,2,241
EML,,2,242
EML,,2,243
EML,,2,244
EML,,2,245
EML,,2,246
EML,,2,247
EML,,2,248
EML,,2,249
EML,,2,250
EML,,2,251
EML,,2,252
EML,,2,253
EML,,2,254
EML,,2,255
EML,,2,256
EML,,2,257
EML,,2,258
EML,,2,259
EML,,2,260
EML,,2,261
EML,,2,262
EML,,2,263
EML,,2,264
EML,,2,265
EML,,2,266
EML,,2,267
EML,,2,268
EML,,2,269
EML,,2,270
EML,,2,271
EML,,2,272
EML,,2,273
EML,,2,274
EML,,2,275
EML,,2,276
EML,,3,1
EML,,3,2
EML,,3,3
EML,,3,4
EML,,3,5
EML,,3,6
EML,,3,7
EML,,3,8
EML,,3,9
EML,,3,10
EML,,3,11
EML,,3,12
EML,,3,13
EML,,3,14
EML,,3,15
EML,,3,16
EML,,3,17
EML,,3,18
EML,,3,19
EML,,3,20
EML,,3,21
EML,,3,22
EML,,3,23
EML,,3,24
EML,,3,25
EML,,3,26
EML,,3,27
EML,,3,28
EML,,3,29
EML,,3,30
EML,,3,31
EML,,3,32
EML,,3,33
EML,,3,34
EML,,3,35
EML,,3,36
EML,,3,37
EML,,3,38
EML,,3,39
EML,,3,40
EML,,3,41
EML,,3,42
EML,,3,43
EML,,3,44
EML,,3,45
EML,,3,46
EML,,3,47
EML,,3,48
EML,,3,49
EML,,3,50
EML,,3,51
EML,,3,52
EML,,3,53
EML,,3,54
EML,,3,55
EML,,3,56
EML,,3,57
EML,,3,58
EML,,3,59
EML,,3,60
EML,,3,61
EML,,3,62
EML,,3,63
EML,,3,64
EML,,3,65
EML,,3,66
EML,,3,67
EML,,3,68
EML,,3,69
EML,,3,70
EML,,3,71
EML,,3,72
EML,,3,73
EML,,3,74
EML,,3,75
EML,,3,76
EML,,3,77
EML,,3,78
EML,,3,79
EML,,3,80
EML,,3,81
EML,,3,82
EML,,3,83
EML,,3,84
EML,,3,85
EML,,3,86
EML,,3,87
EML,,3,88
EML,,3,89
EML,,3,90
EML,,3,91
EML,,3,92
EML,,3,93
EML,,3,94
EML,,3,95
EML,,3,96
EML,,3,97
EML,,3,98
EML,,3,99
EML,,3,100
EML,,3,101
EML,,3,102
EML,,3,103
EML,,3,104
EML,,3,105
EML,,3,106
EML,,3,107
EML,,3,108
EML,,3,109
EML,,3,110
EML,,3,111
EML,,3,112
EML,,3,113
EML,,3,114
EML,,3,115
EML,,3,116
EML,,3,117
EML,,3,118
EML,,3,119
EML,,3,120
EML,,3,121
EML,,3,122
EML,,3,123
EML,,3,124
EML,,3,125
EML,,3,126
EML,,3,127
EML,,3,128
EML,,3,129
EML,,3,130
EML,,3,131
EML,,3,132
EML,,3,133
EML,,3,134
EML,,3,135
EML,,3,136
EML,,3,137
EML,,3,138
EML,,3,139
EML,,3,140
EML,,3,141
EML,,3,142
EML,,3,143
EML,,3,144
EML,,3,145
EML,,3,146
EML,,3,147
EML,,3,148
EML,,3,149
EML,,3,150
EML,,3,151
EML,,3,152
EML,,3,153
EML,,3,154
EML,,3,155
EML,,3,156
EML,,3,157
EML,,3,158
EML,,3,159
EML,,3,160
EML,,3,161
EML,,3,162
EML,,3,163
EML,,3,164
EML,,3,165
EML,,3,166
EML,,3,167
EML,,3,168
EML,,3,169
EML,,3,170
EML,,3,171
EML,,3,172
EML,,3,173
EML,,3,174
EML,,3,175
EML,,3,176
EML,,3,177
EML,,3,178
EML,,3,179
EML,,3,180
EML,,3,181
EML,,3,182
EML,,3,183
EML,,3,184
EML,,3,185
EML,,3,186
EML,,3,187
EML,,3,188
EML,,3,189
EML,,3,190
EML,,3,191
EML,,3,192
EML,,3,193
EML,,3,194
EML,,3,195
EML,,3,196
EML,,3,197
EML,,3,198
EML,,3,199
EML,,3,200
EML,,3,201
EML,,3,202
EML,,3,203
EML,,3,204
EML,,3,205
EML,,3,206
EML,,3,207
EML,,3,208
EML,,3,209
EML,,3,210
EML,,3,211
EML,,3,212
EML,,3,213
EML,,3,214
EML,,3,215
EML,,3,216
EML,,3,217
EML,,3,218
EML,,3,219
EML,,3,220
EML,,3,221
EML,,3,222
EML,,3,223
EML,,3,224
EML,,3,225
EML,,3,226
EML,,3,227
EML,,3,228
EML,,3,229
EML,,3,230
EML,,3,231
EML,,3,232
EML,,3,233
EML,,3,234
EML,,3,235
EML,,3,236
EML,,3,237
EML,,3,238
EML,,3,239
EML,,3,240
EML,,3,241
EML,,3,242
EML,,3,243
EML,,3,244
EML,,3,245
EML,,3,246
EML,,3,247
EML,,3,248
EML,,3,249
EML,,3,250
EML,,3,251
EML,,3,252
EML,,3,253
EML,,3,254
EML,,3,255
EML,,3,256
EML,,3,257
EML,,3,258
EML,,3,259
EML,,3,260
EML,,3,261
EML,,3,262
EML,,3,263
EML,,3,264
EML,,3,265
EML,,3,266
EML,,3,267
EML,,3,268
EML,,3,269
EML,,3,270
EML,,3,271
EML,,3,272
EML,,3,273
EML,,3,274
EML,,3,275
EML,,3,276
EML,,4,1
EML,,4,2
EML,,4,3
EML,,4,4
EML,,4,5
EML,,4,6
EML,,4,7
EML,,4,8
EML,,4,9
EML,,4,10
EML,,4,11
EML,,4,12
EML,,4,13
EML,,4,14
EML,,4,15
EML,,4,16
EML,,4,17
EML,,4,18
EML,,4,19
EML,,4,20
EML,,4,21
EML,,4,22
EML,,4,23
EML,,4,24
EML,,4,25
EML,,4,26
EML,,4,27
EML,,4,28
EML,,4,29
EML,,4,30
EML,,4,31
EML,,4,32
EML,,4,33
EML,,4,34
EML,,4,35
EML,,4,36
EML,,4,37
EML,,4,38
EML,,4,39
EML,,4,40
EML,,4,41
EML,,4,42
EML,,4,43
EML,,4,44
EML,,4,45
EML,,4,46
EML,,4,47
EML,,4,48
EML,,4,49
EML,,4,50
EML,,4,51
EML,,4,52
EML,,4,53
EML,,4,54
EML,,4,55
EML,,4,56
EML,,4,57
EML,,4,58
EML,,4,59
EML,,4,60
EML,,4,61
EML,,4,62
EML,,4,63
EML,,4,64
EML,,4,65
EML,,4,66
EML,,4,67
EML,,4,68
EML,,4,69
EML,,4,70
EML,,4,71
EML,,4,72
EML,,4,73
EML,,4,74
EML,,4,75
EML,,4,76
EML,,4,77
EML,,4,78
EML,,4,79
EML,,4,80
EML,,4,81
EML,,4,82
EML,,4,83
EML,,4,84
EML,,4,85
EML,,4,86
EML,,4,87
EML,,4,88
EML,,4,89
EML,,4,90
EML,,4,91
EML,,4,92
EML,,4,93
EML,,4,94
EML,,4,95
EML,,4,96
EML,,4,97
EML,,4,98
EML,,4,99
EML,,4,100
EML,,4,101
EML,,4,102
EML,,4,103
EML,,4,104
EML,,4,105
EML,,4,106
EML,,4,107
EML,,4,108
EML,,4,109
EML,,4,110
EML,,4,111
EML,,4,112
EML,,4,113
EML,,4,114
EML,,4,115
EML,,4,116
EML,,4,117
EML,,4,118
EML,,4,119
EML,,4,120
EML,,4,121
EML,,4,122
EML,,4,123
EML,,4,124
EML,,4,125
EML,,4,126
EML,,4,127
EML,,4,128
EML,,4,129
EML,,4,130
EML,,4,131
EML,,4,132
EML,,4,133
EML,,4,134
EML,,4,135
EML,,4,136
EML,,4,137
EML,,4,138
EML,,4,139
EML,,4,140
EML,,4,141
EML,,4,142
EML,,4,143
EML,,4,144
EML,,4,145
EML,,4,146
EML,,4,147
EML,,4,148
EML,,4,149
EML,,4,150
EML,,4,151
EML,,4,152
EML,,4,153
EML,,4,154
EML,,4,155
EML,,4,156
EML,,4,157
EML,,4,158
EML,,4,159
EML,,4,160
EML,,4,161
EML,,4,162
EML,,4,163
EML,,4,164
EML,,4,165
EML,,4,166
EML,,4,167
EML,,4,168
EML,,4,169
EML,,4,170
EML,,4,171
EML,,4,172
EML,,4,173
EML,,4,174
EML,,4,175
EML,,4,176
EML,,4,177
EML,,4,178
EML,,4,179
EML,,4,180
EML,,4,181
EML,,4,182
EML,,4,183
EML,,4,184
EML,,4,185
EML,,4,186
EML,,4,187
EML,,4,188
EML,,4,189
EML,,4,190
EML,,4,191
EML,,4,192
EML,,4,193
EML,,4,194
EML,,4,195
EML,,4,196
EML,,4,197
EML,,4,198
EML,,4,199
EML,,4,200
EML,,4,201
EML,,4,202
EML,,4,203
EML,,4,204
EML,,4,205
EML,,4,206
EML,,4,207
EML,,4,208
EML,,4,209
EML,,4,210
EML,,4,211
EML,,4,212
EML,,4,213
EML,,4,214
EML,,4,215
EML,,4,216
EML,,4,217
EML,,4,218
EML,,4,219
EML,,4,220
EML,,4,221
EML,,4,222
EML,,4,223
EML,,4,224
EML,,4,225
EML,,4,226
EML,,4,227
EML,,4,228
EML,,4,229
EML,,4,230
EML,,4,231
EML,,4,232
EML,,4,233
EML,,4,234
EML,,4,235
EML,,4,236
EML,,4,237
EML,,4,238
EML,,4,239
EML,,4,240
EML,,4,241
EML,,4,242
EML,,4,243
EML,,4,244
EML,,4,245
EML,,4,246
EML,,4,247
EML,,4,248
EML,,4,249
EML,,4,250
EML,,4,251
EML,,4,252
EML,,4,253
EML,,4,254
EML,,4,255
EML,,4,256
EML,,4,257
EML,,4,258
EML,,4,259
EML,,4,260
EML,,4,261
EML,,4,262
EML,,4,263
EML,,4,264
EML,,4,265
EML,,4,266
EML,,4,267
EML,,4,268
EML,,4,269
EML,,4,270
EML,,4,271
EML,,4,272
EML,,4,273
EML,,4,274
EML,,4,275
EML,,4,276
EML,,5,1
EML,,5,2
EML,,5,3
EML,,5,4
EML,,5,5
EML,,5,6
EML,,5,7
EML,,5,8
EML,,5,9
EML,,5,10
EML,,5,11
EML,,5,12
EML,,5,13
EML,,5,14
EML,,5,15
EML,,5,16
EML,,5,17
EML,,5,18
EML,,5,19
EML,,5,20
EML,,5,21
EML,,5,22
EML,,5,23
EML,,5,24
EML,,5,25
EML,,5,26
EML,,5,27
EML,,5,28
EML,,5,29
EML,,5,30
EML,,5,31
EML,,5,32
EML,,5,33
EML,,5,34
EML,,5,35
EML,,5,36
EML,,5,37
EML,,5,38
EML,,5,39
EML,,5,40
EML,,5,41
EML,,5,42
EML,,5,43
EML,,5,44
EML,,5,45
EML,,5,46
EML,,5,47
EML,,5,48
EML,,5,49
EML,,5,50
EML,,5,51
EML,,5,52
EML,,5,53
EML,,5,54
EML,,5,55
EML,,5,56
EML,,5,57
EML,,5,58
EML,,5,59
EML,,5,60
EML,,5,61
EML,,5,62
EML,,5,63
EML,,5,64
EML,,5,65
EML,,5,66
EML,,5,67
EML,,5,68
EML,,5,69
EML,,5,70
EML,,5,71
EML,,5,72
EML,,5,73
EML,,5,74
EML,,5,75
EML,,5,76
EML,,5,77
EML,,5,78
EML,,5,79
EML,,5,80
EML,,5,81
EML,,5,82
EML,,5,83
EML,,5,84
EML,,5,85
EML,,5,86
EML,,5,87
EML,,5,88
EML,,5,89
EML,,5,90
EML,,5,91
EML,,5,92
EML,,5,93
EML,,5,94
EML,,5,95
EML,,5,96
EML,,5,97
EML,,5,98
EML,,5,99
EML,,5,100
EML,,5,101
EML,,5,102
EML,,5,103
EML,,5,104
EML,,5,105
EML,,5,106
EML,,5,107
EML,,5,108
EML,,5,109
EML,,5,110
EML,,5,111
EML,,5,112
EML,,5,113
EML,,5,114
EML,,5,115
EML,,5,116
EML,,5,117
EML,,5,118
EML,,5,119
EML,,5,120
EML,,5,121
EML,,5,122
EML,,5,123
EML,,5,124
EML,,5,125
EML,,5,126
EML,,5,127
EML,,5,128
EML,,5,129
EML,,5,130
EML,,5,131
EML,,5,132
EML,,5,133
EML,,5,134
EML,,5,135
EML,,5,136
EML,,5,137
EML,,5,138
EML,,5,139
EML,,5,140
EML,,5,141
EML,,5,142
EML,,5,143
EML,,5,144
EML,,5,145
EML,,5,146
EML,,5,147
EML,,5,148
EML,,5,149
EML,,5,150
EML,,5,151
EML,,5,152
EML,,5,153
EML,,5,154
EML,,5,155
EML,,5,156
EML,,5,157
EML,,5,158
EML,,5,159
EML,,5,160
EML,,5,161
EML,,5,162
EML,,5,163
EML,,5,164
EML,,5,165
EML,,5,166
EML,,5,167
EML,,5,168
EML,,5,169
EML,,5,170
EML,,5,171
EML,,5,172
EML,,5,173
EML,,5,174
EML,,5,175
EML,,5,176
EML,,5,177
EML,,5,178
EML,,5,179
EML,,5,180
EML,,5,181
EML,,5,182
EML,,5,183
EML,,5,184
EML,,5,185
EML,,5,186
EML,,5,187
EML,,5,188
EML,,5,189
EML,,5,190
EML,,5,191
EML,,5,192
EML,,5,193
EML,,5,194
EML,,5,195
EML,,5,196
EML,,5,197
EML,,5,198
EML,,5,199
EML,,5,200
EML,,5,201
EML,,5,202
EML,,5,203
EML,,5,204
EML,,5,205
EML,,5,206
EML,,5,207
EML,,5,208
EML,,5,209
EML,,5,210
EML,,5,211
EML,,5,212
EML,,5,213
EML,,5,214
EML,,5,215
EML,,5,216
EML,,5,217
EML,,5,218
EML,,5,219
EML,,5,220
EML,,5,221
EML,,5,222
EML,,5,223
EML,,5,224
EML,,5,225
EML,,5,226
EML,,5,227
EML,,5,228
EML,,5,229
EML,,5,230
EML,,5,231
EML,,5,232
EML,,5,233
EML,,5,234
EML,,5,235
EML,,5,236
EML,,5,237
EML,,5,238
EML,,5,239
EML,,5,240
EML,,5,241
EML,,5,242
EML,,5,243
EML,,5,244
EML,,5,245
EML,,5,246
EML,,5,247
EML,,5,248
EML,,5,249
EML,,5,250
EML,,5,251
EML,,5,252
EML,,5,253
EML,,5,254
EML,,5,255
EML,,5,256
EML,,5,257
EML,,5,258
EML,,5,259
EML,,5,260
EML,,5,261
EML,,5,262
EML,,5,263
EML,,5,264
EML,,5,265
EML,,5,266
EML,,5,267
EML,,5,268
EML,,5,269
EML,,5,270
EML,,5,271
EML,,5,272
EML,,5,273
EML,,5,274
EML,,5,275
EML,,5,276
KPL,,1,1
KPL,,1,2
KPL,,1,3
KPL,,1,4
KPL,,1,5
KPL,,1,6
KPL,,1,7
KPL,,1,8
KPL,,1,9
KPL,,1,10
KPL,,1,11
KPL,,1,12
KPL,,1,13
KPL,,1,14
KPL,,1,15
KPL,,1,16
KPL,,1,17
KPL,,1,18
KPL,,1,19
KPL,,1,20
KPL,,1,21
KPL,,1,22
KPL,,1,23
KPL,,1,24
KPL,,1,25
KPL,,1,26
KPL,,1,27
KPL,,1,28
KPL,,1,29
KPL,,1,30
KPL,,1,31
KPL,,1,32
KPL,,1,33
KPL,,1,34
KPL,,1,35
KPL,,1,36
KPL,,1,37
KPL,,1,38
KPL,,1,39
KPL,,1,40
KPL,,1,41
KPL,,1,42
KPL,,1,43
KPL,,1,44
KPL,,1,45
KPL,,1,46
KPL,,1,47
KPL,,1,48
KPL,,1,49
KPL,,1,50
KPL,,1,51
KPL,,1,52
KPL,,1,53
KPL,,1,54
KPL,,1,55
KPL,,1,56
KPL,,1,57
KPL,,1,58
KPL,,1,59
KPL,,1,60
KPL,,1,61
KPL,,1,62
KPL,,1,63
KPL,,1,64
KPL,,1,65
KPL,,1,66
KPL,,1,67
KPL,,1,68
KPL,,1,69
KPL,,1,70
KPL,,1,71
KPL,,1,72
KPL,,1,73
KPL,,1,74
KPL,,1,75
KPL,,1,76
KPL,,1,77
KPL,,1,78
KPL,,1,79
KPL,,1,80
KPL,,1,81
KPL,,1,82
KPL,,1,83
KPL,,1,84
KPL,,1,85
KPL,,1,86
KPL,,1,87
KPL,,1,88
KPL,,1,89
KPL,,1,90
KPL,,1,91
KPL,,1,92
KPL,,1,93
KPL,,1,94
KPL,,1,95
KPL,,1,96
KPL,,1,97
KPL,,1,98
KPL,,1,99
KPL,,1,100
KPL,,1,101
KPL,,1,102
KPL,,1,103
KPL,,1,104
KPL,,1,105
KPL,,1,106
KPL,,1,107
KPL,,1,108
KPL,,1,109
KPL,,1,110
KPL,,1,111
KPL,,1,112
KPL,,1,113
KPL,,1,114
KPL,,1,115
KPL,,1,116
KPL,,1,117
KPL,,1,118
KPL,,1,119
KPL,,1,120
KPL,,1,121
KPL,,1,122
KPL,,1,123
KPL,,1,124
KPL,,1,125
KPL,,1,126
KPL,,1,127
KPL,,1,128
KPL,,1,129
KPL,,1,130
KPL,,1,131
KPL,,1,132
KPL,,1,133
KPL,,1,134
KPL,,1,135
KPL,,1,136
KPL,,1,137
KPL,,1,138
KPL,,1,139
KPL,,1,140
KPL,,1,141
KPL,,1,142
KPL,,1,143
KPL,,1,144
KPL,,1,145
KPL,,1,146
KPL,,1,147
KPL,,1,148
KPL,,1,149
KPL,,1,150
KPL,,1,151
KPL,,1,152
KPL,,1,153
KPL,,1,154
KPL,,1,155
KPL,,1,156
KPL,,1,157
KPL,,1,158
KPL,,1,159
KPL,,1,160
KPL,,1,161
KPL,,1,162
KPL,,1,163
KPL,,1,164
KPL,,1,165
KPL,,1,166
KPL,,1,167
KPL,,1,168
KPL,,1,169
KPL,,1,170
KPL,,1,171
KPL,,1,172
KPL,,1,173
KPL,,1,174
KPL,,1,175
KPL,,1,176
KPL,,1,177
KPL,,1,178
KPL,,1,179
KPL,,1,180
KPL,,1,181
KPL,,1,182
KPL,,1,183
KPL,,1,184
KPL,,1,185
KPL,,1,186
KPL,,1,187
KPL,,1,188
KPL,,1,189
KPL,,1,190
KPL,,1,191
KPL,,1,192
KPL,,1,193
KPL,,1,194
KPL,,1,195
KPL,,1,196
KPL,,1,197
KPL,,1,198
KPL,,1,199
KPL,,1,200
KPL,,1,201
KPL,,1,202
KPL,,1,203
KPL,,1,204
KPL,,1,205
KPL,,1,206
KPL,,1,207
KPL,,1,208
KPL,,1,209
KPL,,1,210
KPL,,1,211
KPL,,1,212
KPL,,1,213
KPL,,1,214
KPL,,1,215
KPL,,1,216
KPL,,1,217
KPL,,1,218
KPL,,1,219
KPL,,1,220
KPL,,1,221
KPL,,1,222
KPL,,1,223
KPL,,1,224
KPL,,1,225
KPL,,1,226
KPL,,1,227
KPL,,1,228
KPL,,1,229
KPL,,1,230
KPL,,1,231
KPL,,1,232
KPL,,1,233
KPL,,1,234
KPL,,1,235
KPL,,1,236
KPL,,1,237
KPL,,1,238
KPL,,1,239
KPL,,1,240
KPL,,1,241
KPL,,1,242
KPL,,1,243
KPL,,1,244
KPL,,1,245
KPL,,1,246
KPL,,1,247
KPL,,1,248
KPL,,1,249
KPL,,1,250
KPL,,1,251
KPL,,1,252
KPL,,1,253
KPL,,1,254
KPL,,1,255
KPL,,1,256
KPL,,1,257
KPL,,1,258
KPL,,1,259
KPL,,1,260
KPL,,1,261
KPL,,1,262
KPL,,1,263
KPL,,1,264
KPL,,1,265
KPL,,1,266
KPL,,1,267
KPL,,1,268
KPL,,1,269
KPL,,1,270
KPL,,1,271
KPL,,1,272
KPL,,1,273
KPL,,1,274
KPL,,1,275
KPL,,1,276
KPL,,2,1
KPL,,2,2
KPL,,2,3
KPL,,2,4
KPL,,2,5
KPL,,2,6
KPL,,2,7
KPL,,2,8
KPL,,2,9
KPL,,2,10
KPL,,2,11
KPL,,2,12
KPL,,2,13
KPL,,2,14
KPL,,2,15
KPL,,2,16
KPL,,2,17
KPL,,2,18
KPL,,2,19
KPL,,2,20
KPL,,2,21
KPL,,2,22
KPL,,2,23
KPL,,2,24
KPL,,2,25
KPL,,2,26
KPL,,2,27
KPL,,2,28
KPL,,2,29
KPL,,2,30
KPL,,2,31
KPL,,2,32
KPL,,2,33
KPL,,2,34
KPL,,2,35
KPL,,2,36
KPL,,2,37
KPL,,2,38
KPL,,2,39
KPL,,2,40
KPL,,2,41
KPL,,2,42
KPL,,2,43
KPL,,2,44
KPL,,2,45
KPL,,2,46
KPL,,2,47
KPL,,2,48
KPL,,2,49
KPL,,2,50
KPL,,2,51
KPL,,2,52
KPL,,2,53
KPL,,2,54
KPL,,2,55
KPL,,2,56
KPL,,2,57
KPL,,2,58
KPL,,2,59
KPL,,2,60
KPL,,2,61
KPL,,2,62
KPL,,2,63
KPL,,2,64
KPL,,2,65
KPL,,2,66
KPL,,2,67
KPL,,2,68
KPL,,2,69
KPL,,2,70
KPL,,2,71
KPL,,2,72
KPL,,2,73
KPL,,2,74
KPL,,2,75
KPL,,2,76
KPL,,2,77
KPL,,2,78
KPL,,2,79
KPL,,2,80
KPL,,2,81
KPL,,2,82
KPL,,2,83
KPL,,2,84
KPL,,2,85
KPL,,2,86
KPL,,2,87
KPL,,2,88
KPL,,2,89
KPL,,2,90
KPL,,2,91
KPL,,2,92
KPL,,2,93
KPL,,2,94
KPL,,2,95
KPL,,2,96
KPL,,2,97
KPL,,2,98
KPL,,2,99
KPL,,2,100
KPL,,2,101
KPL,,2,102
KPL,,2,103
KPL,,2,104
KPL,,2,105
KPL,,2,106
KPL,,2,107
KPL,,2,108
KPL,,2,109
KPL,,2,110
KPL,,2,111
KPL,,2,112
KPL,,2,113
KPL,,2,114
KPL,,2,115
KPL,,2,116
KPL,,2,117
KPL,,2,118
KPL,,2,119
KPL,,2,120
KPL,,2,121
KPL,,2,122
KPL,,2,123
KPL,,2,124
KPL,,2,125
KPL,,2,126
KPL,,2,127
KPL,,2,128
KPL,,2,129
KPL,,2,130
KPL,,2,131
KPL,,2,132
KPL,,2,133
KPL,,2,134
KPL,,2,135
KPL,,2,136
KPL,,2,137
KPL,,2,138
KPL,,2,139
KPL,,2,140
KPL,,2,141
KPL,,2,142
KPL,,2,143
KPL,,2,144
KPL,,2,145
KPL,,2,146
KPL,,2,147
KPL,,2,148
KPL,,2,149
KPL,,2,150
KPL,,2,151
KPL,,2,152
KPL,,2,153
KPL,,2,154
KPL,,2,155
KPL,,2,156
KPL,,2,157
KPL,,2,158
KPL,,2,159
KPL,,2,160
KPL,,2,161
KPL,,2,162
KPL,,2,163
KPL,,2,164
KPL,,2,165
KPL,,2,166
KPL,,2,167
KPL,,2,168
KPL,,2,169
KPL,,2,170
KPL,,2,171
KPL,,2,172
KPL,,2,173
KPL,,2,174
KPL,,2,175
KPL,,2,176
KPL,,2,177
KPL,,2,178
KPL,,2,179
KPL,,2,180
KPL,,2,181
KPL,,2,182
KPL,,2,183
KPL,,2,184
KPL,,2,185
KPL,,2,186
KPL,,2,187
KPL,,2,188
KPL,,2,189
KPL,,2,190
KPL,,2,191
KPL,,2,192
KPL,,2,193
KPL,,2,194
KPL,,2,195
KPL,,2,196
KPL,,2,197
KPL,,2,198
KPL,,2,199
KPL,,2,200
KPL,,2,201
KPL,,2,202
KPL,,2,203
KPL,,2,204
KPL,,2,205
KPL,,2,206
KPL,,2,207
KPL,,2,208
KPL,,2,209
KPL,,2,210
KPL,,2,211
KPL,,2,212
KPL,,2,213
KPL,,2,214
KPL,,2,215
KPL,,2,216
KPL,,2,217
KPL,,2,218
KPL,,2,219
KPL,,2,220
KPL,,2,221
KPL,,2,222
KPL,,2,223
KPL,,2,224
KPL,,2,225
KPL,,2,226
KPL,,2,227
KPL,,2,228
KPL,,2,229
KPL,,2,230
KPL,,2,231
KPL,,2,232
KPL,,2,233
KPL,,2,234
KPL,,2,235
KPL,,2,236
KPL,,2,237
KPL,,2,238
KPL,,2,239
KPL,,2,240
KPL,,2,241
KPL,,2,242
KPL,,2,243
KPL,,2,244
KPL,,2,245
KPL,,2,246
KPL,,2,247
KPL,,2,248
KPL,,2,249
KPL,,2,250
KPL,,2,251
KPL,,2,252
KPL,,2,253
KPL,,2,254
KPL,,2,255
KPL,,2,256
KPL,,2,257
KPL,,2,258
KPL,,2,259
KPL,,2,260
KPL,,2,261
KPL,,2,262
KPL,,2,263
KPL,,2,264
KPL,,2,265
KPL,,2,266
KPL,,2,267
KPL,,2,268
KPL,,2,269
KPL,,2,270
KPL,,2,271
KPL,,2,272
KPL,,2,273
KPL,,2,274
KPL,,2,275
KPL,,2,276
KPL,,3,1
KPL,,3,2
KPL,,3,3
KPL,,3,4
KPL,,3,5
KPL,,3,6
KPL,,3,7
KPL,,3,8
KPL,,3,9
KPL,,3,10
KPL,,3,11
KPL,,3,12
KPL,,3,13
KPL,,3,14
KPL,,3,15
KPL,,3,16
KPL,,3,17
KPL,,3,18
KPL,,3,19
KPL,,3,20
KPL,,3,21
KPL,,3,22
KPL,,3,23
KPL,,3,24
KPL,,3,25
KPL,,3,26
KPL,,3,27
KPL,,3,28
KPL,,3,29
KPL,,3,30
KPL,,3,31
KPL,,3,32
KPL,,3,33
KPL,,3,34
KPL,,3,35
KPL,,3,36
KPL,,3,37
KPL,,3,38
KPL,,3,39
KPL,,3,40
KPL,,3,41
KPL,,3,42
KPL,,3,43
KPL,,3,44
KPL,,3,45
KPL,,3,46
KPL,,3,47
KPL,,3,48
KPL,,3,49
KPL,,3,50
KPL,,3,51
KPL,,3,52
KPL,,3,53
KPL,,3,54
KPL,,3,55
KPL,,3,56
KPL,,3,57
KPL,,3,58
KPL,,3,59
KPL,,3,60
KPL,,3,61
KPL,,3,62
KPL,,3,63
KPL,,3,64
KPL,,3,65
KPL,,3,66
KPL,,3,67
KPL,,3,68
KPL,,3,69
KPL,,3,70
KPL,,3,71
KPL,,3,72
KPL,,3,73
KPL,,3,74
KPL,,3,75
KPL,,3,76
KPL,,3,77
KPL,,3,78
KPL,,3,79
KPL,,3,80
KPL,,3,81
KPL,,3,82
KPL,,3,83
KPL,,3,84
KPL,,3,85
KPL,,3,86
KPL,,3,87
KPL,,3,88
KPL,,3,89
KPL,,3,90
KPL,,3,91
KPL,,3,92
KPL,,3,93
KPL,,3,94
KPL,,3,95
KPL,,3,96
KPL,,3,97
KPL,,3,98
KPL,,3,99
KPL,,3,100
KPL,,3,101
KPL,,3,102
KPL,,3,103
KPL,,3,104
KPL,,3,105
KPL,,3,106
KPL,,3,107
KPL,,3,108
KPL,,3,109
KPL,,3,110
KPL,,3,111
KPL,,3,112
KPL,,3,113
KPL,,3,114
KPL,,3,115
KPL,,3,116
KPL,,3,117
KPL,,3,118
KPL,,3,119
KPL,,3,120
KPL,,3,121
KPL,,3,122
KPL,,3,123
KPL,,3,124
KPL,,3,125
KPL,,3,126
KPL,,3,127
KPL,,3,128
KPL,,3,129
KPL,,3,130
KPL,,3,131
KPL,,3,132
KPL,,3,133
KPL,,3,134
KPL,,3,135
KPL,,3,136
KPL,,3,137
KPL,,3,138
KPL,,3,139
KPL,,3,140
KPL,,3,141
KPL,,3,142
KPL,,3,143
KPL,,3,144
KPL,,3,145
KPL,,3,146
KPL,,3,147
KPL,,3,148
KPL,,3,149
KPL,,3,150
KPL,,3,151
KPL,,3,152
KPL,,3,153
KPL,,3,154
KPL,,3,155
KPL,,3,156
KPL,,3,157
KPL,,3,158
KPL,,3,159
KPL,,3,160
KPL,,3,161
KPL,,3,162
KPL,,3,163
KPL,,3,164
KPL,,3,165
KPL,,3,166
KPL,,3,167
KPL,,3,168
KPL,,3,169
KPL,,3,170
KPL,,3,171
KPL,,3,172
KPL,,3,173
KPL,,3,174
KPL,,3,175
KPL,,3,176
KPL,,3,177
KPL,,3,178
KPL,,3,179
KPL,,3,180
KPL,,3,181
KPL,,3,182
KPL,,3,183
KPL,,3,184
KPL,,3,185
KPL,,3,186
KPL,,3,187
KPL,,3,188
KPL,,3,189
KPL,,3,190
KPL,,3,191
KPL,,3,192
KPL,,3,193
KPL,,3,194
KPL,,3,195
KPL,,3,196
KPL,,3,197
KPL,,3,198
KPL,,3,199
KPL,,3,200
KPL,,3,201
KPL,,3,202
KPL,,3,203
KPL,,3,204
KPL,,3,205
KPL,,3,206
KPL,,3,207
KPL,,3,208
KPL,,3,209
KPL,,3,210
KPL,,3,211
KPL,,3,212
KPL,,3,213
KPL,,3,214
KPL,,3,215
KPL,,3,216
KPL,,3,217
KPL,,3,218
KPL,,3,219
KPL,,3,220
KPL,,3,221
KPL,,3,222
KPL,,3,223
KPL,,3,224
KPL,,3,225
KPL,,3,226
KPL,,3,227
KPL,,3,228
KPL,,3,229
KPL,,3,230
KPL,,3,231
KPL,,3,232
KPL,,3,233
KPL,,3,234
KPL,,3,235
KPL,,3,236
KPL,,3,237
KPL,,3,238
KPL,,3,239
KPL,,3,240
KPL,,3,241
KPL,,3,242
KPL,,3,243
KPL,,3,244
KPL,,3,245
KPL,,3,246
KPL,,3,247
KPL,,3,248
KPL,,3,249
KPL,,3,250
KPL,,3,251
KPL,,3,252
KPL,,3,253
KPL,,3,254
KPL,,3,255
KPL,,3,256
KPL,,3,257
KPL,,3,258
KPL,,3,259
KPL,,3,260
KPL,,3,261
KPL,,3,262
KPL,,3,263
KPL,,3,264
KPL,,3,265
KPL,,3,266
KPL,,3,267
KPL,,3,268
KPL,,3,269
KPL,,3,270
KPL,,3,271
KPL,,3,272
KPL,,3,273
KPL,,3,274
KPL,,3,275
KPL,,3,276
KPL,,4,1
KPL,,4,2
KPL,,4,3
KPL,,4,4
KPL,,4,5
KPL,,4,6
KPL,,4,7
KPL,,4,8
KPL,,4,9
KPL,,4,10
KPL,,4,11
KPL,,4,12
KPL,,4,13
KPL,,4,14
KPL,,4,15
KPL,,4,16
KPL,,4,17
KPL,,4,18
KPL,,4,19
KPL,,4,20
KPL,,4,21
KPL,,4,22
KPL,,4,23
KPL,,4,24
KPL,,4,25
KPL,,4,26
KPL,,4,27
KPL,,4,28
KPL,,4,29
KPL,,4,30
KPL,,4,31
KPL,,4,32
KPL,,4,33
KPL,,4,34
KPL,,4,35
KPL,,4,36
KPL,,4,37
KPL,,4,38
KPL,,4,39
KPL,,4,40
KPL,,4,41
KPL,,4,42
KPL,,4,43
KPL,,4,44
KPL,,4,45
KPL,,4,46
KPL,,4,47
KPL,,4,48
KPL,,4,49
KPL,,4,50
KPL,,4,51
KPL,,4,52
KPL,,4,53
KPL,,4,54
KPL,,4,55
KPL,,4,56
KPL,,4,57
KPL,,4,58
KPL,,4,59
KPL,,4,60
KPL,,4,61
KPL,,4,62
KPL,,4,63
KPL,,4,64
KPL,,4,65
KPL,,4,66
KPL,,4,67
KPL,,4,68
KPL,,4,69
KPL,,4,70
KPL,,4,71
KPL,,4,72
KPL,,4,73
KPL,,4,74
KPL,,4,75
KPL,,4,76
KPL,,4,77
KPL,,4,78
KPL,,4,79
KPL,,4,80
KPL,,4,81
KPL,,4,82
KPL,,4,83
KPL,,4,84
KPL,,4,85
KPL,,4,86
KPL,,4,87
KPL,,4,88
KPL,,4,89
KPL,,4,90
KPL,,4,91
KPL,,4,92
KPL,,4,93
KPL,,4,94
KPL,,4,95
KPL,,4,96
KPL,,4,97
KPL,,4,98
KPL,,4,99
KPL,,4,100
KPL,,4,101
KPL,,4,102
KPL,,4,103
KPL,,4,104
KPL,,4,105
KPL,,4,106
KPL,,4,107
KPL,,4,108
KPL,,4,109
KPL,,4,110
KPL,,4,111
KPL,,4,112
KPL,,4,113
KPL,,4,114
KPL,,4,115
KPL,,4,116
KPL,,4,117
KPL,,4,118
KPL,,4,119
KPL,,4,120
KPL,,4,121
KPL,,4,122
KPL,,4,123
KPL,,4,124
KPL,,4,125
KPL,,4,126
KPL,,4,127
KPL,,4,128
KPL,,4,129
KPL,,4,130
KPL,,4,131
KPL,,4,132
KPL,,4,133
KPL,,4,134
KPL,,4,135
KPL,,4,136
KPL,,4,137
KPL,,4,138
KPL,,4,139
KPL,,4,140
KPL,,4,141
KPL,,4,142
KPL,,4,143
KPL,,4,144
KPL,,4,145
KPL,,4,146
KPL,,4,147
KPL,,4,148
KPL,,4,149
KPL,,4,150
KPL,,4,151
KPL,,4,152
KPL,,4,153
KPL,,4,154
KPL,,4,155
KPL,,4,156
KPL,,4,157
KPL,,4,158
KPL,,4,159
KPL,,4,160
KPL,,4,161
KPL,,4,162
KPL,,4,163
KPL,,4,164
KPL,,4,165
KPL,,4,166
KPL,,4,167
KPL,,4,168
KPL,,4,169
KPL,,4,170
KPL,,4,171
KPL,,4,172
KPL,,4,173
KPL,,4,174
KPL,,4,175
KPL,,4,176
KPL,,4,177
KPL,,4,178
KPL,,4,179
KPL,,4,180
KPL,,4,181
KPL,,4,182
KPL,,4,183
KPL,,4,184
KPL,,4,185
KPL,,4,186
KPL,,4,187
KPL,,4,188
KPL,,4,189
KPL,,4,190
KPL,,4,191
KPL,,4,192
KPL,,4,193
KPL,,4,194
KPL,,4,195
KPL,,4,196
KPL,,4,197
KPL,,4,198
KPL,,4,199
KPL,,4,200
KPL,,4,201
KPL,,4,202
KPL,,4,203
KPL,,4,204
KPL,,4,205
KPL,,4,206
KPL,,4,207
KPL,,4,208
KPL,,4,209
KPL,,4,210
KPL,,4,211
KPL,,4,212
KPL,,4,213
KPL,,4,214
KPL,,4,215
KPL,,4,216
KPL,,4,217
KPL,,4,218
KPL,,4,219
KPL,,4,220
KPL,,4,221
KPL,,4,222
KPL,,4,223
KPL,,4,224
KPL,,4,225
KPL,,4,226
KPL,,4,227
KPL,,4,228
KPL,,4,229
KPL,,4,230
KPL,,4,231
KPL,,4,232
KPL,,4,233
KPL,,4,234
KPL,,4,235
KPL,,4,236
KPL,,4,237
KPL,,4,238
KPL,,4,239
KPL,,4,240
KPL,,4,241
KPL,,4,242
KPL,,4,243
KPL,,4,244
KPL,,4,245
KPL,,4,246
KPL,,4,247
KPL,,4,248
KPL,,4,249
KPL,,4,250
KPL,,4,251
KPL,,4,252
KPL,,4,253
KPL,,4,254
KPL,,4,255
KPL,,4,256
KPL,,4,257
KPL,,4,258
KPL,,4,259
KPL,,4,260
KPL,,4,261
KPL,,4,262
KPL,,4,263
KPL,,4,264
KPL,,4,265
KPL,,4,266
KPL,,4,267
KPL,,4,268
KPL,,4,269
KPL,,4,270
KPL,,4,271
KPL,,4,272
KPL,,4,273
KPL,,4,274
KPL,,4,275
KPL,,4,276
KPL,,5,1
KPL,,5,2
KPL,,5,3
KPL,,5,4
KPL,,5,5
KPL,,5,6
KPL,,5,7
KPL,,5,8
KPL,,5,9
KPL,,5,10
KPL,,5,11
KPL,,5,12
KPL,,5,13
KPL,,5,14
KPL,,5,15
KPL,,5,16
KPL,,5,17
KPL,,5,18
KPL,,5,19
KPL,,5,20
KPL,,5,21
KPL,,5,22
KPL,,5,23
KPL,,5,24
KPL,,5,25
KPL,,5,26
KPL,,5,27
KPL,,5,28
KPL,,5,29
KPL,,5,30
KPL,,5,31
KPL,,5,32
KPL,,5,33
KPL,,5,34
KPL,,5,35
KPL,,5,36
KPL,,5,37
KPL,,5,38
KPL,,5,39
KPL,,5,40
KPL,,5,41
KPL,,5,42
KPL,,5,43
KPL,,5,44
KPL,,5,45
KPL,,5,46
KPL,,5,47
KPL,,5,48
KPL,,5,49
KPL,,5,50
KPL,,5,51
KPL,,5,52
KPL,,5,53
KPL,,5,54
KPL,,5,55
KPL,,5,56
KPL,,5,57
KPL,,5,58
KPL,,5,59
KPL,,5,60
KPL,,5,61
KPL,,5,62
KPL,,5,63
KPL,,5,64
KPL,,5,65
KPL,,5,66
KPL,,5,67
KPL,,5,68
KPL,,5,69
KPL,,5,70
KPL,,5,71
KPL,,5,72
KPL,,5,73
KPL,,5,74
KPL,,5,75
KPL,,5,76
KPL,,5,77
KPL,,5,78
KPL,,5,79
KPL,,5,80
KPL,,5,81
KPL,,5,82
KPL,,5,83
KPL,,5,84
KPL,,5,85
KPL,,5,86
KPL,,5,87
KPL,,5,88
KPL,,5,89
KPL,,5,90
KPL,,5,91
KPL,,5,92
KPL,,5,93
KPL,,5,94
KPL,,5,95
KPL,,5,96
KPL,,5,97
KPL,,5,98
KPL,,5,99
KPL,,5,100
KPL,,5,101
KPL,,5,102
KPL,,5,103
KPL,,5,104
KPL,,5,105
KPL,,5,106
KPL,,5,107
KPL,,5,108
KPL,,5,109
KPL,,5,110
KPL,,5,111
KPL,,5,112
KPL,,5,113
KPL,,5,114
KPL,,5,115
KPL,,5,116
KPL,,5,117
KPL,,5,118
KPL,,5,119
KPL,,5,120
KPL,,5,121
KPL,,5,122
KPL,,5,123
KPL,,5,124
KPL,,5,125
KPL,,5,126
KPL,,5,127
KPL,,5,128
KPL,,5,129
KPL,,5,130
KPL,,5,131
KPL,,5,132
KPL,,5,133
KPL,,5,134
KPL,,5,135
KPL,,5,136
KPL,,5,137
KPL,,5,138
KPL,,5,139
KPL,,5,140
KPL,,5,141
KPL,,5,142
KPL,,5,143
KPL,,5,144
KPL,,5,145
KPL,,5,146
KPL,,5,147
KPL,,5,148
KPL,,5,149
KPL,,5,150
KPL,,5,151
KPL,,5,152
KPL,,5,153
KPL,,5,154
KPL,,5,155
KPL,,5,156
KPL,,5,157
KPL,,5,158
KPL,,5,159
KPL,,5,160
KPL,,5,161
KPL,,5,162
KPL,,5,163
KPL,,5,164
KPL,,5,165
KPL,,5,166
KPL,,5,167
KPL,,5,168
KPL,,5,169
KPL,,5,170
KPL,,5,171
KPL,,5,172
KPL,,5,173
KPL,,5,174
KPL,,5,175
KPL,,5,176
KPL,,5,177
KPL,,5,178
KPL,,5,179
KPL,,5,180
KPL,,5,181
KPL,,5,182
KPL,,5,183
KPL,,5,184
KPL,,5,185
KPL,,5,186
KPL,,5,187
KPL,,5,188
KPL,,5,189
KPL,,5,190
KPL,,5,191
KPL,,5,192
KPL,,5,193
KPL,,5,194
KPL,,5,195
KPL,,5,196
KPL,,5,197
KPL,,5,198
KPL,,5,199
KPL,,5,200
KPL,,5,201
KPL,,5,202
KPL,,5,203
KPL,,5,204
KPL,,5,205
KPL,,5,206
KPL,,5,207
KPL,,5,208
KPL,,5,209
KPL,,5,210
KPL,,5,211
KPL,,5,212
KPL,,5,213
KPL,,5,214
KPL,,5,215
KPL,,5,216
KPL,,5,217
KPL,,5,218
KPL,,5,219
KPL,,5,220
KPL,,5,221
KPL,,5,222
KPL,,5,223
KPL,,5,224
KPL,,5,225
KPL,,5,226
KPL,,5,227
KPL,,5,228
KPL,,5,229
KPL,,5,230
KPL,,5,231
KPL,,5,232
KPL,,5,233
KPL,,5,234
KPL,,5,235
KPL,,5,236
KPL,,5,237
KPL,,5,238
KPL,,5,239
KPL,,5,240
KPL,,5,241
KPL,,5,242
KPL,,5,243
KPL,,5,244
KPL,,5,245
KPL,,5,246
KPL,,5,247
KPL,,5,248
KPL,,5,249
KPL,,5,250
KPL,,5,251
KPL,,5,252
KPL,,5,253
KPL,,5,254
KPL,,5,255
KPL,,5,256
KPL,,5,257
KPL,,5,258
KPL,,5,259
KPL,,5,260
KPL,,5,261
KPL,,5,262
KPL,,5,263
KPL,,5,264
KPL,,5,265
KPL,,5,266
KPL,,5,267
KPL,,5,268
KPL,,5,269
KPL,,5,270
KPL,,5,271
KPL,,5,272
KPL,,5,273
KPL,,5,274
KPL,,5,275
KPL,,5,276
SCF,24,1,1
SCF,24,1,2
SCF,24,1,3
SCF,24,1,4
SCF,24,1,5
SCF,24,1,6
SCF,24,1,7
SCF,24,1,8
SCF,24,1,9
SCF,24,1,10
SCF,24,1,11
SCF,24,1,12
SCF,24,1,13
SCF,24,1,14
SCF,24,1,15
SCF,24,1,16
SCF,24,1,17
SCF,24,1,18
SCF,24,1,19
SCF,24,1,20
SCF,24,1,21
SCF,24,1,22
SCF,24,1,23
SCF,24,1,24
SCF,24,1,25
SCF,24,1,26
SCF,24,1,27
SCF,24,1,28
SCF,24,1,29
SCF,24,1,30
SCF,24,1,31
SCF,24,1,32
SCF,24,1,33
SCF,24,1,34
SCF,24,1,35
SCF,24,1,36
SCF,24,2,1
SCF,24,2,2
SCF,24,2,3
SCF,24,2,4
SCF,24,2,5
SCF,24,2,6
SCF,24,2,7
SCF,24,2,8
SCF,24,2,9
SCF,24,2,10
SCF,24,2,11
SCF,24,2,12
SCF,24,2,13
SCF,24,2,14
SCF,24,2,15
SCF,24,2,16
SCF,24,2,17
SCF,24,2,18
SCF,24,2,19
SCF,24,2,20
SCF,24,2,21
SCF,24,2,22
SCF,24,2,23
SCF,24,2,24
SCF,24,2,25
SCF,24,2,26
SCF,24,2,27
SCF,24,2,28
SCF,24,2,29
SCF,24,2,30
SCF,24,2,31
SCF,24,2,32
SCF,24,2,33
SCF,24,2,34
SCF,24,2,35
SCF,24,2,36
SCF,24,3,1
SCF,24,3,2
SCF,24,3,3
SCF,24,3,4
SCF,24,3,5
SCF,24,3,6
SCF,24,3,7
SCF,24,3,8
SCF,24,3,9
SCF,24,3,10
SCF,24,3,11
SCF,24,3,12
SCF,24,3,13
SCF,24,3,14
SCF,24,3,15
SCF,24,3,16
SCF,24,3,17
SCF,24,3,18
SCF,24,3,19
SCF,24,3,20
SCF,24,3,21
SCF,24,3,22
SCF,24,3,23
SCF,24,3,24
SCF,24,3,25
SCF,24,3,26
SCF,24,3,27
SCF,24,3,28
SCF,24,3,29
SCF,24,3,30
SCF,24,3,31
SCF,24,3,32
SCF,24,3,33
SCF,24,3,34
SCF,24,3,35
SCF,24,3,36
SCF,24,4,1
SCF,24,4,2
SCF,24,4,3
SCF,24,4,4
SCF,24,4,5
SCF,24,4,6
SCF,24,4,7
SCF,24,4,8
SCF,24,4,9
SCF,24,4,10
SCF,24,4,11
SCF,24,4,12
SCF,24,4,13
SCF,24,4,14
SCF,24,4,15
SCF,24,4,16
SCF,24,4,17
SCF,24,4,18
SCF,24,4,19
SCF,24,4,20
SCF,24,4,21
SCF,24,4,22
SCF,24,4,23
SCF,24,4,24
SCF,24,4,25
SCF,24,4,26
SCF,24,4,27
SCF,24,4,28
SCF,24,4,29
SCF,24,4,30
SCF,24,4,31
SCF,24,4,32
SCF,24,4,33
SCF,24,4,34
SCF,24,4,35
SCF,24,4,36
SCF,24,5,1
SCF,24,5,2
SCF,24,5,3
SCF,24,5,4
SCF,24,5,5
SCF,24,5,6
SCF,24,5,7
SCF,24,5,8
SCF,24,5,9
SCF,24,5,10
SCF,24,5,11
SCF,24,5,12
SCF,24,5,13
SCF,24,5,14
SCF,24,5,15
SCF,24,5,16
SCF,24,5,17
SCF,24,5,18
SCF,24,5,19
SCF,24,5,20
SCF,24,5,21
SCF,24,5,22
SCF,24,5,23
SCF,24,5,24
SCF,24,5,25
SCF,24,5,26
SCF,24,5,27
SCF,24,5,28
SCF,24,5,29
SCF,24,5,30
SCF,24,5,31
SCF,24,5,32
SCF,24,5,33
SCF,24,5,34
SCF,24,5,35
SCF,24,5,36
