Channeling,AKL,1
Channeling,AKL,2
Channeling,AKL,3
Channeling,AKL,6
Channeling,AKL,9
Channeling,EAL,2
Channeling,EAL,4
Channeling,EAL,6
Channeling,RCL,1
Channeling,RCL,2
Channeling,RCL,3
Channeling,RCL,4
Channeling,UDL,3
Channeling,UDL,6
Channeling,UDL,12
Channeling,APL,3
Channeling,APL,6
Channeling,APL,12
Channeling,EML,
Channeling,PYL,
Channeling,KPL,
Channeling,SME,
Channeling,SCF,
Channeling,UDL,
Channeling,EML,
Channeling,PYL,
Channeling,KPL,
Channeling,SME,
Channeling,SCF,
Channeling,UDL,
